﻿<?xml version="1.0" encoding="utf-8" ?>
<!--This is a sample Config XML that can be used in the XML.Publsh.Plugin Settings-->
<plugindefinition name="RenameMe" handler="RenameMe">
  <description>Description</description>
  <initialize>
    <parameters>
      <parameter name="Parameter1">Parameter1_Value</parameter>
      <parameter name="Parameter2">Parameter2_Value</parameter>      
      <parameter name="Advanced_Parameter">
        <options>
          <option>1</option>
          <option>2</option>
        </options>
      </parameter>
    </parameters>
  </initialize>
</plugindefinition>
